{"stats":{"minecraft:dropped":{"minecraft:dirt":1},"minecraft:mined":{"minecraft:grass_block":5},"minecraft:picked_up":{"minecraft:dirt":5},"minecraft:custom":{"minecraft:jump":16,"minecraft:time_since_rest":1689,"minecraft:leave_game":1,"minecraft:sprint_one_cm":2955,"minecraft:play_time":1689,"minecraft:damage_taken":30,"minecraft:time_since_death":1689,"minecraft:walk_one_cm":2888,"minecraft:total_world_time":1689,"minecraft:drop":1,"minecraft:fall_one_cm":987,"minecraft:fly_one_cm":1672}},"DataVersion":3465}